Source,Entry,PLOT,Sprout Score,,,,,,,Harvested,Other
436,B030543,3004,1000,0,1,0,0,0,0.2,7/2/2010,
468,VA05W-258,3005,31221,3,1,2,2,1,1.8,7/2/2010,
463,Blazer exp.,3009,43043,4,3,0,4,3,2.8,7/2/2010,
457,P05219A1-13-16,3015,33,0,0,0,3,3,1.2,7/2/2010,
483,Pioneer 25R62,3026,44544,4,4,5,4,4,4.2,7/2/2010,
603,OH02-12678,3031,55645,5,5,6,4,5,5,7/2/2010,
472,SW50,3038,51001,5,1,0,0,1,1.4,7/2/2010,
487,FS 652,3042,22412,2,2,4,1,2,2.2,7/2/2010,
471,NC05-21090,3059,3002,3,0,0,2,,1.3,7/2/2010,
467,VA05W-168,3066,4533,0,4,5,3,3,3,7/2/2010,
437,KY97C-0321-02-01,3073,4120,0,4,1,2,0,1.4,7/2/2010,
441,IL04-11003,3074,1001,0,1,0,0,1,0.4,7/2/2010,
440,IL04-8445,3079,10000,1,0,0,0,0,0.2,7/2/2010,
442,OH04-264-58,3084,1002,0,1,0,0,2,0.6,7/2/2010,
452,M05*1589,3089,20103,2,0,1,0,3,1.2,7/2/2010,
486,FS 627,3092,0,0,0,0,0,0,0,7/2/2010,
438,KY97C-0519-04-07,3096,22515,2,2,5,1,5,3,7/2/2010,
455,P99751RA1-6-3-94,3100,40,0,0,0,4,0,0.8,7/2/2010,
479,Pioneer 25R47,3112,40544,4,0,5,4,4,3.4,7/2/2010,
475,Truman,3113,11010,1,1,0,1,0,0.6,7/2/2010,
439,KY97C-0508-01-01A-1,3114,20513,2,0,5,1,3,2.2,7/2/2010,
602,OH02-12686,3117,55450,5,5,4,5,0,3.8,7/2/2010,
473,7730R,3120,10,0,0,0,1,0,0.2,7/2/2010,
446,MD01W233-07-1,3130,110,0,0,1,1,0,0.4,7/2/2010,
448,G89201,3132,31022,3,1,0,2,2,1.6,7/2/2010,
464,Probe exp.,3143,11222,1,1,2,2,2,1.6,7/2/2010,
431,Roane,3148,23041,2,3,0,4,1,2,7/2/2010,
454,M05-1531,3149,44543,4,4,5,4,3,4,7/2/2010,
444,OH05-248-38,3150,55561,5,5,5,6,1,4.4,7/2/2010,
447,G89209,3153,10030,1,0,0,3,0,0.8,7/2/2010,
478,Ruby red (MSU E1007R),3159,21120,2,1,1,2,0,1.2,7/2/2010,
484,Pioneer 25R39,3166,112,0,0,1,1,2,0.8,7/2/2010,
435,IL02-19463,3175,54576,5,4,5,7,6,5.4,7/2/2010,
469,AR98022-19-3,3181,46646,4,6,6,4,6,5.2,7/2/2010,
432,INW0411,3191,101,0,0,1,0,1,0.4,7/2/2010,
488,FS 801,3195,10000,1,0,0,0,0,0.2,7/2/2010,
466,VA05W-151,3202,24144,2,4,1,4,4,3,7/2/2010,
433,Branson,3203,1,0,0,0,0,1,0.2,7/2/2010,
465,Rumor exp.,3204,64326,6,4,3,2,6,4.2,7/2/2010,
459,W06-522A,3224,10,0,0,0,1,0,0.2,7/2/2010,
451,M05-1526,3225,24305,2,4,3,0,5,2.8,7/2/2010,
460,Z03-1281,3240,30231,3,0,2,3,1,1.8,7/2/2010,
474,Bess,3242,10,0,0,0,1,0,0.2,7/2/2010,
482,RO65,3247,10,0,0,0,1,0,0.2,7/2/2010,
461,Z03-0496,3260,14155,1,4,1,5,5,3.2,7/2/2010,
450,M05-1172,3264,54303,5,4,3,0,3,3,7/2/2010,
476,R055,3267,76055,7,6,0,5,5,4.6,7/2/2010,
458,W06-089,3269,0,0,0,0,0,0,0,7/2/2010,
485,FS 300,3279,10005,1,0,0,0,5,1.2,7/2/2010,
456,P02444A1-23-1,3287,64200,6,4,2,0,0,2.4,7/2/2010,
449,G89222,3290,25,0,0,0,2,5,1.4,7/2/2010,
443,OH04-268-39,3294,10301,1,0,3,0,1,1,7/2/2010,
470,AR98023-5-1,3297,2171,0,2,1,7,1,2.2,7/2/2010,
434,LA01*425,3306,2121,0,2,1,2,1,1.2,7/2/2010,
462,GA031238-DH7-7A28,3311,66264,6,6,2,6,4,4.8,7/2/2010,
477,OH751,3312,1,0,0,0,0,1,0.2,7/2/2010,
445,MD00W53-07-1,3318,101,0,0,1,0,1,0.4,7/2/2010,
577,NY99069-326,3001,54525,5,4,5,2,5,4.2,7/2/2010,
420,MSU Line E5024,3002,121,0,0,1,2,1,0.8,7/2/2010,
417,NY07106-167-182,3003,25,0,0,0,2,5,1.4,7/2/2010,
NY,NY7088,3006,1544,0,1,5,4,4,2.8,7/2/2010,
289,W1062,3011,55535,5,5,5,3,5,4.6,7/2/2010,
Rich,Richland,3012,33656,3,3,6,5,6,4.6,7/2/2010,
600,8080xCal-211-444,3013,3350,0,3,3,5,0,2.2,7/2/2010,
601,8080xCal-70-449,3014,30623,3,0,6,2,3,2.8,7/2/2010,
167,96153,3016,3322,0,3,3,2,2,2,7/2/2010,
594,NY05161-5-407,3019,3641,0,3,6,4,1,2.8,7/2/2010,
235,99021,3027,45313,4,5,3,1,3,3.2,7/2/2010,
317,96025,3028,35236,3,5,2,3,6,3.8,7/2/2010,
NY,NY7088,3030,42001,4,2,0,0,1,1.4,7/2/2010,
401,NY07010-137,3032,65776,6,5,7,7,6,6.2,7/2/2010,
81,93308,3033,24565,2,4,5,6,5,4.4,7/2/2010,
Jen,Jensen,3034,15333,1,5,3,3,3,3,7/2/2010,
519,NY003097&98-177,3036,53323,5,3,3,2,3,3.2,7/2/2010,
80,94032,3047,30152,3,0,1,5,2,2.2,7/2/2010,
596,8080x7388-76-417,3048,505,0,0,5,0,5,2,7/2/2010,
320,96034,3049,51573,5,1,5,7,3,4.2,7/2/2010,
556,NY01003-268,3050,14366,1,4,3,6,6,4,7/2/2010,
409,NY07018-145,3051,15230,1,5,2,3,0,2.2,7/2/2010,
521,NY03082-183,3052,4454-,4,4,5,4,-,4.3,7/2/2010,
416,NY07105-45-153,3055,2100,0,2,1,0,0,0.6,7/2/2010,
508,NY99049-144,3056,87789,8,7,7,8,9,7.8,7/2/2010,
590,NY99049-364,3058,55564,5,5,5,6,4,5,7/2/2010,
Jen,Jensen,3060,43666,4,3,6,6,6,5,7/2/2010,
382,99066,3063,18265,1,8,2,6,5,4.4,7/2/2010,
NY,NY7088,3064,2150,0,2,1,5,0,1.6,7/2/2010,
575,NY99069-323,3065,50653,5,0,6,5,3,3.8,7/2/2010,
Cald,Caledonia,3067,37767,3,7,7,6,7,6,7/2/2010,
547,NY99034-237,3069,11031,1,1,0,3,1,1.2,7/2/2010,
550,NY99069-249,3070,71766,7,1,7,6,6,5.4,7/2/2010,
570,NY03015-311,3075,67787,6,7,7,8,7,7,7/2/2010,
120,94052,3076,16213,1,6,2,1,3,2.6,7/2/2010,
56,W105-78,3077,5043,0,5,0,4,3,2.4,7/2/2010,
549,99068-248,3078,1510,0,1,5,1,0,1.4,7/2/2010,
NY,NY7088,3080,14213,1,4,2,1,3,2.2,7/2/2010,
150,94046,3081,33755,3,3,7,5,5,4.6,7/2/2010,
179,94064,3082,65545,6,5,5,4,5,5,7/2/2010,
Jen,Jensen,3083,52241,5,2,2,4,1,2.8,7/2/2010,
574,NY03100-321,3085,63045,6,3,0,4,5,3.6,7/2/2010,
532,"NY03110,1,2,5,6-212",3086,25165,2,5,1,6,5,3.8,7/2/2010,
Cald,Caledonia,3087,56676,5,6,6,7,6,6,7/2/2010,
402,NY07011-138,3088,77766,7,7,7,6,6,6.6,7/2/2010,
280,NYW103-193-9172,3090,20024,2,0,0,2,4,1.6,7/2/2010,
144,96052,3093,35415,3,5,4,1,5,3.6,7/2/2010,
591,NY01066-367,3094,35455,3,5,4,5,5,4.4,7/2/2010,
NY,NY7088,3098,55445,5,5,4,4,5,4.6,7/2/2010,
534,NY01005-216,3103,14513,1,4,5,1,3,2.8,7/2/2010,
557,NY01062-272,3105,11051,1,1,0,5,1,1.6,7/2/2010,
506,"NY03110,1,2,5,6-142",3110,35166,3,5,1,6,6,4.2,7/2/2010,
491,NY99028-111,3111,33656,3,3,6,5,6,4.6,7/2/2010,
332,96185,3115,54655,5,4,6,5,5,5,7/2/2010,
599,8080xCal-105-440,3116,31223,3,1,2,2,3,2.2,7/2/2010,
93,94042,3118,45146,4,5,1,4,6,4,7/2/2010,
584,NY99069-352,3119,55166,5,5,1,6,6,4.6,7/2/2010,
Cald,Caledonia,3122,36756,3,6,7,5,6,5.4,7/2/2010,
Rich,Richland,3123,66664,6,6,6,6,4,5.6,7/2/2010,
407,NY07016-143,3124,65554,6,5,5,5,4,5,7/2/2010,
542,NY01069-228,3126,55211,5,5,2,1,1,2.8,7/2/2010,
Jen,Jensen,3127,43534,4,3,5,3,4,3.8,7/2/2010,
540,NY00012-226,3128,15535,1,5,5,3,5,3.8,7/2/2010,
Jen,Jensen,3134,46450,4,6,4,5,0,3.8,7/2/2010,
497,NY01003-119,3135,21314,2,1,3,1,4,2.2,7/2/2010,
501,NY03093&94-130,3136,46766,4,6,7,6,6,5.8,7/2/2010,
554,NY99025-261,3137,65756,6,5,7,5,6,5.8,7/2/2010,
498,"NY03110,1,2,5,6-120",3138,21351,2,1,3,5,1,2.4,7/2/2010,
282,NYW103-57-9222,3139,63244,6,3,2,4,4,3.8,7/2/2010,
365,99042,3140,43346,4,3,3,4,6,4,7/2/2010,
Cald,Caledonia,3141,68887,6,8,8,8,7,7.4,7/2/2010,
300,96009,3142,70878,7,0,8,7,8,6,7/2/2010,
136,94025,3144,27565,2,7,5,6,5,5,7/2/2010,
422,MSU Line E6048,3145,46575,4,6,5,7,5,5.4,7/2/2010,
589,"NY03110,1,2,5,6-362",3151,35656,3,5,6,5,6,5,7/2/2010,
NY,NY7088,3155,11230,1,1,2,3,0,1.4,7/2/2010,
598,8080xCal-225-437,3160,26456,2,6,4,5,6,4.6,7/2/2010,
Rich,Richland,3161,57763,5,7,7,6,3,5.6,7/2/2010,
266,PioneerVar25W41,3162,35321,3,5,3,2,1,2.8,7/2/2010,
426,TW435-025,3167,26633,2,6,6,3,3,4,7/2/2010,
533,NY01066-215,3168,46883,4,6,8,8,3,5.8,7/2/2010,
527,NY03008-200,3170,56767,5,6,7,6,7,6.2,7/2/2010,
512,NY03010-157,3171,5-245,5,-,2,4,5,4,7/2/2010,
566,NY01018-303,3177,4050,0,4,0,5,0,1.8,7/2/2010,
Rich,Richland,3182,62774,6,2,7,7,4,5.2,7/2/2010,
NY,NY7088,3183,41213,4,1,2,1,3,2.2,7/2/2010,
597,8080x7388-160-419,3186,10,0,0,0,1,0,0.2,7/2/2010,
558,NY01066-273,3187,65563,6,5,5,6,3,5,7/2/2010,
168,94058,3188,47556,4,7,5,5,6,5.4,7/2/2010,
NY,NY7088,3189,63015,6,3,0,1,5,3,7/2/2010,
531,NY99048-205,3192,56636,5,6,6,3,6,5.2,7/2/2010,
494,NY01020-116,3193,11505,1,1,5,0,5,2.4,7/2/2010,
73,W105-159,3194,10250,1,0,2,5,0,1.6,7/2/2010,
562,NY99025-281,3196,86878,8,6,8,7,8,7.4,7/2/2010,
559,NY99069-274,3198,15565,1,5,5,6,5,4.4,7/2/2010,
90,94025,3199,50202,5,0,2,0,2,1.8,7/2/2010,
370,99047,3200,20203,2,0,2,0,3,1.4,7/2/2010,
Cald,Caledonia,3201,56568,5,6,5,6,8,6,7/2/2010,
504,NY99028-137,3205,52543,5,2,5,4,3,3.8,7/2/2010,
NY,NY7088,3206,53505,5,3,5,0,5,3.6,7/2/2010,
222,99025,3207,63657,6,3,6,5,7,5.4,7/2/2010,
308,96021,3208,57560,5,7,5,6,0,4.6,7/2/2010,
573,NY99027-317,3209,65466,6,5,4,6,6,5.4,7/2/2010,
113,96052,3210,11415,1,1,4,1,5,2.4,7/2/2010,
516,NY03015-165,3211,12003,1,2,0,0,3,1.2,7/2/2010,
561,NY01066-278,3217,10113,1,0,1,1,3,1.2,7/2/2010,
394,NY03089,3218,11355,1,1,3,5,5,3,7/2/2010,
595,NY05161-6-408,3223,35133,3,5,1,3,3,3,7/2/2010,
NY,NY7088,3226,1,0,0,0,0,1,0.2,7/2/2010,
502,NY03082-132,3231,55656,5,5,6,5,6,5.4,7/2/2010,
328,96161,3235,55104,5,5,1,0,4,3,7/2/2010,
NY,NY7088,3238,11110,1,1,1,1,0,0.8,7/2/2010,
563,NY01066-286,3239,22154,2,2,1,5,4,2.8,7/2/2010,
Rich,Richland,3241,35560,3,5,5,6,0,3.8,7/2/2010,
509,NY99069-148,3243,45655,4,5,6,5,5,5,7/2/2010,
379,99066,3245,23003,2,3,0,0,3,1.6,7/2/2010,
316,96025,3246,10203,1,0,2,0,3,1.2,7/2/2010,
363,99029,3248,53411,5,3,4,1,1,2.8,7/2/2010,
408,NY07017-144,3249,2301,0,2,3,0,1,1.2,7/2/2010,
528,NY03015-202,3250,20261,2,0,2,6,1,2.2,7/2/2010,
518,NY03182&183-174,3251,63531,6,3,5,3,1,3.6,7/2/2010,
415,NY07029-152,3252,87779,8,7,7,7,9,7.6,7/2/2010,
251,99069,3253,51635,5,1,6,3,5,4,7/2/2010,
525,NY99048-194,3254,2656,0,2,6,5,6,3.8,7/2/2010,
592,NY01003-371,3255,77865,7,7,8,6,5,6.6,7/2/2010,
Jen,Jensen,3256,53561,5,3,5,6,1,4,7/2/2010,
538,NY03015-224,3257,536,0,0,5,3,6,2.8,7/2/2010,
583,NY01023-347,3258,35534,3,5,5,3,4,4,7/2/2010,
536,NY99069-222,3259,3615,0,3,6,1,5,3,7/2/2010,
Rich,Richland,3261,23356,2,3,3,5,6,3.8,7/2/2010,
553,NY03010-252,3262,75585,7,5,5,8,5,6,7/2/2010,
NY,NY7088,3263,10220,1,0,2,2,0,1,7/2/2010,
352,99011,3265,54555,5,4,5,5,5,4.8,7/2/2010,
411,NY07021-148,3266,75547,7,5,5,4,7,5.6,7/2/2010,
261,99062,3268,42120,4,2,1,2,0,1.8,7/2/2010,
Jen,Jensen,3270,36052,3,6,0,5,2,3.2,7/2/2010,
535,NY01008-218,3271,65553,6,5,5,5,3,4.8,7/2/2010,
565,NY99069-289,3272,37655,3,7,6,5,5,5.2,7/2/2010,
493,NY99045-114,3273,66564,6,6,5,6,4,5.4,7/2/2010,
Cald,Caledonia,3274,66628,6,6,6,2,8,5.6,7/2/2010,
593,NY05143-2-397,3275,33342,3,3,3,4,2,3,7/2/2010,
571,NY99069-312,3278,1000,0,1,0,0,0,0.2,7/2/2010,
Jen,Jensen,3292,41001,4,1,0,0,1,1.2,7/2/2010,
425,TW412-033,3295,56456,5,6,4,5,6,5.2,7/2/2010,
94,W105-146,3298,31512,3,1,5,1,2,2.4,7/2/2010,
NY,NY7088,3299,12354,1,2,3,5,4,3,7/2/2010,
47,94032,3301,2211,0,2,2,1,1,1.2,7/2/2010,
489,FS 430W,3304,45355,4,5,3,5,5,4.4,7/2/2010,
511,NY03082-156,3305,56655,5,6,6,5,5,5.4,7/2/2010,
276,NY103-72-7179,3307,51664,5,1,6,6,4,4.4,7/2/2010,
410,NY07020-147,3308,8660,0,8,6,6,0,4,7/2/2010,
430,Ajax,3309,85626,8,5,6,2,6,5.4,7/2/2010,
429,TWF507-001,3310,1114,0,1,1,1,4,1.4,7/2/2010,
201,94052,3313,84509,8,4,5,0,9,5.2,7/2/2010,
Jen,Jensen,3314,43325,4,3,3,2,5,3.4,7/2/2010,
517,NY99028-170,3315,6355,0,6,3,5,5,3.8,7/2/2010,
551,NY99045-250,3316,30665,3,0,6,6,5,4,7/2/2010,
537,NY03015-223,3317,57547,5,7,5,4,7,5.6,7/2/2010,
544,NY03015-231,3319,64677,6,4,6,7,7,6,7/2/2010,
Cald,Caledonia,3320,66558,6,6,5,5,8,6,7/2/2010,
453,B040798,3021,missing,,,,,,,5-Jul,red
480,SW80,3061,14640,1,4,6,4,0,3,5-Jul,red
481,Emmit,3169,32155,3,2,1,5,5,3.2,5-Jul,red
567,NY03100-307,3007,54543,5,4,5,4,3,4.2,5-Jul,
423,MSU Line E3024,3008,65667,6,5,6,6,7,6,5-Jul,
572,NY01066-313,3010,44554,4,4,5,5,4,4.4,5-Jul,
507,NY01009-143,3017,45454,4,5,4,5,4,4.4,5-Jul,
490,NY03015-108,3018,44634,4,4,6,3,4,4.2,5-Jul,
108,94035,3020,65544,6,5,5,4,4,4.8,5-Jul,
492,NY01067-113,3022,32,0,0,0,3,2,1,5-Jul,
290,Ava,3023,30252,3,0,2,5,2,2.4,5-Jul,
Rich,Richland,3024,2224,0,2,2,2,4,2,5-Jul,
244,99012,3025,45554,4,5,5,5,4,4.6,5-Jul,
385,NY03015,3029,25454,2,5,4,5,4,4,5-Jul,
412,NY07022-149,3035,55153,5,5,1,5,3,3.8,5-Jul,
580,NY03082-336,3037,23443,2,3,4,4,3,3.2,5-Jul,
Jen,Jensen,3039,250401,2,5,0,4,0,2.2,5-Jul,
155,94025,3040,13534,1,3,5,3,4,3.2,5-Jul,
505,NY01020-141,3041,34404,3,4,4,0,4,3,5-Jul,
529,NY03015-203,3043,41545,4,1,5,4,5,3.8,5-Jul,
586,99046-357,3044,31335,3,1,3,3,5,3,5-Jul,24535 duplicate
Cald,Caledonia,3045,57656,5,7,6,5,6,5.8,5-Jul,
190,94024,3046,1454,0,1,4,5,4,2.8,5-Jul,
555,NY03100-266,3053,57741,5,7,7,4,1,4.8,5-Jul,
419,MSU Line E5011B,3054,63667,6,3,6,6,7,5.6,5-Jul,
Cald,Caledonia,3057,87686,8,7,6,8,6,7,5-Jul,
510,NY03093&94-150,3062,66555,6,6,5,5,5,5.4,5-Jul,
503,NY99055-135,3068,65655,6,5,6,5,5,5.4,5-Jul,
414,NY07028-151,3071,68776,6,8,7,7,6,6.8,5-Jul,
173,96052,3072,55444,5,5,4,4,4,4.4,5-Jul,
428,TW528-001,3091,55434,5,5,4,3,4,4.2,5-Jul,
405,NY07014-141,3095,60666,6,0,6,6,6,4.8,5-Jul,
552,NY99028-251,3097,53465,5,3,4,6,5,4.6,5-Jul,
545,NY01005-235,3099,65345,6,5,3,4,5,4.6,5-Jul,
Jen,Jensen,3101,43010,4,3,0,1,0,1.6,5-Jul,
64,W105-129,3102,67356,6,7,3,5,6,5.4,5-Jul, in red set
530,NY99069-204,3104,34444,3,4,4,4,4,3.8,5-Jul,
Rich,Richland,3106,65665,6,5,6,6,5,5.6,5-Jul,
541,NY01002-227,3107,75222,7,5,2,2,2,3.6,5-Jul,
539,NY03100-225,3108,67655,6,7,6,5,5,5.8,5-Jul,
404,NY07013-140,3109,34254,3,4,2,5,4,3.6,5-Jul,
579,NY99028-334,3121,73671,7,3,6,7,1,4.8,5-Jul,
496,NY01066-118,3125,47565,4,7,5,6,5,5.4,5-Jul,
564,NY01003-287,3129,43244,4,3,2,4,4,3.4,5-Jul,
546,97083-236,3131,46455,4,6,4,5,5,4.8,5-Jul,
526,NY99028-199,3133,44455,4,4,4,5,5,4.4,5-Jul,
Jen,Jensen,3146,44314,4,4,3,1,4,3.2,5-Jul,
523,NY03093&94-190,3147,66787,6,6,7,8,7,6.8,5-Jul,
495,NY99049-117,3152,55454,5,5,4,5,4,4.6,5-Jul,
403,NY07012-139,3154,34423,3,4,4,2,3,3.2,5-Jul,
427,TW531-003,3156,40223,4,0,2,2,3,2.2,5-Jul,
421,MSU Line E5038,3157,51545,5,1,5,4,5,4,5-Jul,
145,94052,3158,44454,4,4,4,5,4,4.2,5-Jul,
389,NY03084,3163,1303,0,1,3,0,3,1.4,5-Jul,
548,NY99069-240,3164,54345,5,4,3,4,5,4.2,5-Jul,
Cald,Caledonia,3165,65688,6,5,6,8,8,6.6,5-Jul,
588,NY03015-361,3172,55655,5,5,6,5,5,5.2,5-Jul,
578,NY99069-328,3173,31323,3,1,3,2,3,2.4,5-Jul,
406,NY07015-142,3174,74565,7,4,5,6,5,5.4,5-Jul,
560,NY01018-276,3176,15255,1,5,2,5,5,3.6,5-Jul,
576,NY99034-324,3178,14144,1,4,1,4,4,2.8,5-Jul,
513,NY03009-159,3179,44373,4,4,3,7,3,4.2,5-Jul,
581,NY99069-345,3180,0,0,0,0,0,0,0,5-Jul,
582,NY03015-346,3184,55524,5,5,5,2,4,4.2,5-Jul,
383,99068,3185,5453,0,5,4,5,3,3.4,5-Jul,
569,NY99069-310,3190,45544,4,5,5,4,4,4.4,5-Jul,
372,99053,3197,403,0,0,4,0,3,1.4,5-Jul,
522,NY03015-185,3212,64655,6,4,6,5,5,5.2,5-Jul,
Cald,Caledonia,3213,56646,5,6,6,4,6,5.4,5-Jul,
520,99069-179,3214,1563,0,1,5,6,3,3,5-Jul,
568,NY03015-308,3215,15655,1,5,6,5,5,4.4,5-Jul,
Jen,Jensen,3216,44400,4,4,4,0,0,2.4,5-Jul,
587,NY03015-360,3219,53556,5,3,5,5,6,4.8,5-Jul,
75,94025,3220,34130,3,4,1,3,0,2.2,5-Jul,
Rich,Richland,3221,65665,6,5,6,6,5,5.6,5-Jul,
208,96148,3222,55557,5,5,5,5,7,5.4,5-Jul,
71,W105-57,3227,30116,3,0,1,1,6,2.2,5-Jul,
585,NY01005-356,3228,42504,4,2,5,0,4,3,5-Jul,
355,99017,3229,45543,4,5,5,4,3,4.2,5-Jul,
392,NY03086,3230,55562,5,5,5,6,2,4.6,5-Jul,
Rich,Richland,3232,51557,5,1,5,5,7,4.6,5-Jul,
279,NYW103-187-9166,3233,13433,1,3,4,3,3,2.8,5-Jul,
514,99069-160,3234,44544,4,4,5,4,4,4.2,5-Jul,
500,NY99049-128,3236,44444,4,4,4,4,4,4,5-Jul,
424,MSU Line E5028,3237,23323,2,3,3,2,3,2.6,5-Jul,
418,MSU Line E5011A,3244,68788,6,8,7,8,8,7.4,5-Jul, in red set
Rich,Richland,3276,54765,5,4,7,6,5,5.4,5-Jul,
499,NY99049-126,3277,44445,4,4,4,4,5,4.2,5-Jul,
226,96016,3280,14651,1,4,6,5,1,3.4,5-Jul,
252,97083,3281,4404,0,4,4,0,4,2.4,5-Jul,
Cald,Caledonia,3282,55764,5,5,7,6,4,5.4,5-Jul,
129,96067,3283,44634,4,4,6,3,4,4.2,5-Jul,
70,94025,3284,34443,3,4,4,4,3,3.6,5-Jul,
380,99066,3285,42445,4,2,4,4,5,3.8,5-Jul,
78,94025,3286,12402,1,2,4,0,2,1.8,5-Jul,
413,NY07023-150,3288,55675,5,5,6,7,5,5.6,5-Jul,
515,NY99056-161,3289,34334,3,4,3,3,4,3.4,5-Jul,
76,W105-116,3291,44112,4,4,1,1,2,2.4,5-Jul,
164,94052,3293,13433,1,3,4,3,3,2.8,5-Jul,
524,"NY03102,3,4-192",3296,53-45,5,3,-,4,5,4.3,5-Jul,
353,99017,3300,52344,5,2,3,4,4,3.6,5-Jul,
219,96043,3302,33335,3,3,3,3,5,3.4,5-Jul,
543,NY03010-229,3303,3413-,3,4,1,3,-,2.8,5-Jul,
,,,,,,,,,,,
,This is corrected for the planting error,,,,,,,,,,
,Need to confirm sources 602 and 603,,,,,,,,,,
